HPs,kfold_accuracy,kfold_recall,kfold_f1,time,test_accuracy
[0.1],0.826388888888889,0.8309576426515541,0.8273888494837742,3.143272638320923,0.6416666666666667
"[0.1, 0.316]",0.762962962962963,0.7643759110811266,0.76183093173457,4.389552211761474,0.6583333333333333
"[0.1, 0.316, 0.5]",0.7458333333333333,0.7468552143534792,0.7421043786162556,5.972989797592163,0.6166666666666667
"[0.1, 0.316, 0.5, 1]",0.71,0.7104614458487764,0.7068866101067917,7.32981462876002,0.6333333333333333
