HPs,kfold_accuracy,kfold_recall,kfold_f1,time,test_accuracy
[],0.925,0.9262721854916297,0.9237045721918736,1.6241418520609539,0.55
[0.1],0.826388888888889,0.826823099527936,0.8255552799023661,2.806613882382711,0.65
"[0.1, 0.316]",0.7990740740740742,0.7953830818575894,0.7942573932802752,4.159731825192769,0.6666666666666666
"[0.1, 0.316, 0.5]",0.7534722222222221,0.7567085282662693,0.7521170394473586,5.529364128907521,0.6916666666666667
"[0.1, 0.316, 0.5, 1]",0.745,0.7440084053046577,0.7454863277629784,6.949656065305074,0.625
