HPs,kfold_accuracy,kfold_recall,kfold_f1,time,test_accuracy
[],0.9361111111111111,0.9316175090277425,0.933478242435372,1.599990173180898,0.6083333333333333
[0.1],0.8194444444444444,0.8217557613747463,0.8186053769988751,2.772670062383016,0.6
"[0.1, 0.316]",0.7759259259259259,0.7741953600218257,0.7723430918960797,3.933433957894643,0.625
"[0.1, 0.316, 0.5]",0.7625,0.760681100700678,0.7609968701361135,5.477552612622579,0.625
"[0.1, 0.316, 0.5, 1]",0.7266666666666667,0.7271850090308815,0.7265961556983217,6.639356895287832,0.5583333333333333
