HPs,kfold_accuracy,kfold_recall,kfold_f1,time,test_accuracy
[0.1],0.6222222222222221,0.6178196978406584,0.6107621556139801,3.6589797139167786,0.5583333333333333
