HPs,kfold_accuracy,kfold_recall,kfold_f1,time,test_accuracy
[],0.9277777777777778,0.9276218357983232,0.9252287066834519,1.6542391538619996,0.5583333333333333
[0.1],0.8236111111111111,0.8251256674066866,0.8227674931750565,2.800558567047119,0.6583333333333333
"[0.1, 0.316]",0.7972222222222222,0.794893485452554,0.7930614450553929,4.362166047096252,0.625
"[0.1, 0.316, 0.5]",0.7583333333333334,0.7617262631620367,0.7580539785166014,5.624913732210795,0.65
"[0.1, 0.316, 0.5, 1]",0.7188888888888889,0.7191566736235214,0.717203178394676,6.801593931516011,0.6
