HPs,kfold_accuracy,kfold_recall,kfold_f1,time,test_accuracy
[0.1],0.6083333333333334,0.6030407594184475,0.5889557652494078,3.6127283811569213,0.5916666666666667
"[0.1, 0.316]",0.8101851851851851,0.8071154378915306,0.8080699723652446,5.347522115707397,0.6666666666666666
"[0.1, 0.316, 0.5]",0.7756944444444445,0.7754414371127556,0.7718957133634673,7.1175572315851845,0.6583333333333333
"[0.1, 0.316, 0.5, 1]",0.5438888888888889,0.5461577927241825,0.5361280135528232,8.70767191251119,0.5083333333333333
