HPs,kfold_accuracy,kfold_recall,kfold_f1,time,test_accuracy
[],0.95,0.9512367793660699,0.9499375870290085,1.5790462930997213,0.6583333333333333
[0.1],0.8277777777777778,0.8300289649469701,0.8262420917346546,2.777895681063334,0.6666666666666666
"[0.1, 0.316]",0.7972222222222223,0.7973703716709503,0.7927640184535246,3.9958251833915712,0.6916666666666667
"[0.1, 0.316, 0.5]",0.7812499999999999,0.7797566423287716,0.777372629657202,5.402966809272766,0.6166666666666667
"[0.1, 0.316, 0.5, 1]",0.7294444444444445,0.7314874271080547,0.727910964749529,6.752774747212728,0.6166666666666667
