HPs,kfold_accuracy,kfold_recall,kfold_f1,time,test_accuracy
[],0.9416666666666667,0.9431274084420538,0.9407433691325882,1.4877144773801168,0.6083333333333333
[0.1],0.85,0.8504202421012952,0.8490536764060115,2.7963346521059673,0.6583333333333333
"[0.1, 0.316]",0.8018518518518519,0.8019117468355127,0.800598281443831,4.107960883776347,0.7166666666666667
"[0.1, 0.316, 0.5]",0.7506944444444443,0.748981655823713,0.7465307539588331,5.202063544591268,0.625
"[0.1, 0.316, 0.5, 1]",0.7166666666666667,0.7180304948440154,0.7145042862308995,6.581418029467264,0.65
