HPs,kfold_accuracy,kfold_recall,kfold_f1,time,test_accuracy
25000,0.9055555555555556,0.909191974914229,0.9047633015423566,3.7138157288233438,0.6083333333333333
12000,0.7833333333333334,0.7993178142208968,0.7825297044638845,2.31869767109553,0.6166666666666667
10200,0.7333333333333333,0.7401330845423253,0.732197402375713,2.0538444399833677,0.48333333333333334
8400,0.663888888888889,0.6740742714289794,0.6624848221809214,1.8786987662315369,0.425
6800,0.8222222222222222,0.8264823806056644,0.8203449565995593,1.6306601683298747,0.6166666666666667
5100,0.19722222222222224,0.25,0.08228892198419063,1.4862536231676737,0.25
3400,0.6944444444444444,0.7053893991547107,0.6959578578365377,1.3264585773150126,0.5166666666666667
