HPs,kfold_accuracy,kfold_recall,kfold_f1,time,test_accuracy
12000,0.7791666666666667,0.7779600985603412,0.7704510356915505,4.096636203924815,0.6416666666666667
10200,0.7666666666666668,0.768030924223933,0.7599005963734513,3.547974654038747,0.675
8400,0.78125,0.781604091540541,0.77433589636799,3.373954161008199,0.6583333333333333
6800,0.7979166666666667,0.7973037190064729,0.7937639968818597,3.246342448393504,0.675
5100,0.8145833333333334,0.8136185429742204,0.8098977540969713,3.3867122888565064,0.6916666666666667
3400,0.8125,0.8059362073123022,0.8033979955540687,3.312909801801046,0.6666666666666666
