HPs,kfold_accuracy,kfold_recall,kfold_f1,time,test_accuracy
25000,0.9277777777777778,0.9251352813852813,0.9264630687303388,3.030370032787323,0.6416666666666667
12000,0.9472222222222222,0.947947543017623,0.945793932812277,1.6797616362571717,0.6083333333333333
10200,0.9472222222222223,0.94554166601111,0.9454392172176714,1.557300853729248,0.55
8400,0.9555555555555557,0.9557961768716916,0.9526556148718658,1.3719444354375203,0.5916666666666667
6800,0.9583333333333334,0.9596146967385526,0.9578350971208115,1.1261200308799744,0.7
5100,0.9194444444444445,0.9171242479551976,0.9135347785493761,1.0084666728973388,0.6583333333333333
3400,0.9055555555555556,0.910660643704122,0.9071880947222037,0.7871426304181417,0.6083333333333333
