HPs,kfold_accuracy,kfold_recall,kfold_f1,time,test_accuracy
25000,0.9527777777777778,0.9538616303604861,0.9525007606272717,3.1040478388468427,0.6083333333333333
12000,0.9472222222222223,0.950633424387715,0.9464515758311032,1.68095965385437,0.6416666666666667
10200,0.9416666666666668,0.9431986566383019,0.9409750955304752,1.5882686297098796,0.65
8400,0.9527777777777777,0.9550407969858771,0.952015148523197,1.3569048047065735,0.6583333333333333
6800,0.9416666666666668,0.9464504597345492,0.94094820213455,1.1410891930262248,0.65
5100,0.9555555555555555,0.9560419968729466,0.9547590291865939,1.0299603422482808,0.675
3400,0.8944444444444443,0.9008690719717608,0.8922226255827861,0.7989115238189697,0.6833333333333333
