HPs,kfold_accuracy,kfold_recall,kfold_f1,time,test_accuracy
25000,0.9444444444444444,0.942171770587439,0.9427870911305656,3.2347694993019105,0.5833333333333334
12000,0.9166666666666667,0.9184900554251241,0.9165917101257222,1.731802229086558,0.5583333333333333
10200,0.9333333333333332,0.9337476018768924,0.9321032025698587,1.6049957911173502,0.5916666666666667
8400,0.95,0.9516441300880661,0.9479251696782172,1.3917848348617554,0.6666666666666666
6800,0.9694444444444444,0.9717261285625132,0.9688896588023077,1.1717515071233113,0.625
5100,0.9472222222222222,0.9456476418318523,0.9444737019540156,1.0607788642247518,0.6583333333333333
3400,0.8944444444444445,0.9038477204209471,0.8949437212063905,0.8156505306561788,0.6416666666666667
