HPs,kfold_accuracy,kfold_recall,kfold_f1,time,test_accuracy
25000,0.7527777777777779,0.7564724264645183,0.7489663934866329,3.754413592815399,0.475
12000,0.9055555555555556,0.9100008399622244,0.9054585149792365,2.321462118625641,0.575
10200,0.9583333333333333,0.9596211048041712,0.9572938110869146,2.2165132840474446,0.6333333333333333
8400,0.9305555555555557,0.9315260808574175,0.9306857456250309,2.0704625844955444,0.6833333333333333
6800,0.9111111111111111,0.9099605176478747,0.9086012351045362,1.8273098150889078,0.5833333333333334
5100,0.3833333333333333,0.38534670008354216,0.25173422266675527,1.5338517904281617,0.3
3400,0.7472222222222221,0.7583630408511784,0.7482079220705199,1.3770934780438742,0.48333333333333334
