HPs,kfold_accuracy,kfold_recall,kfold_f1,time,test_accuracy
25000,0.9194444444444445,0.9235741672197623,0.9191704505616375,3.1544406334559123,0.575
12000,0.9305555555555556,0.9305250919624489,0.9281261440887171,1.7467281301816304,0.6416666666666667
10200,0.9472222222222222,0.9497211407966557,0.9457444746000544,1.5961879690488179,0.625
8400,0.9583333333333334,0.9573834784589934,0.9565103518775248,1.3720633824666342,0.6833333333333333
6800,0.9388888888888889,0.9386696484293738,0.9371366584568133,1.1519482493400575,0.7166666666666667
5100,0.9583333333333334,0.9598847724548525,0.957841313667996,1.0288662950197855,0.6583333333333333
3400,0.9,0.9043395399731212,0.8979880458285694,0.8254753788312276,0.5916666666666667
