HPs,kfold_accuracy,kfold_recall,kfold_f1,time,test_accuracy
12000,0.96875,0.9698877501808536,0.9671883704350192,2.212435527642568,0.6916666666666667
