HPs,kfold_accuracy,kfold_recall,kfold_f1,time,test_accuracy
25000,0.9416666666666668,0.9448998298612142,0.9413070759872764,3.233387517929077,0.6083333333333333
12000,0.9388888888888889,0.9400687551388354,0.9375759239180788,1.7577454328536988,0.575
10200,0.95,0.9527772061081559,0.9499916916305885,1.5991135358810424,0.6166666666666667
8400,0.9388888888888889,0.936371965817046,0.9361279403504821,1.4285590330759683,0.6583333333333333
6800,0.9638888888888889,0.9662351778656127,0.9636669720098752,1.193999429543813,0.6666666666666666
5100,0.95,0.951248249663918,0.9492509790292744,1.0802429477373758,0.725
3400,0.8722222222222221,0.8727332989918803,0.8719846473714761,0.8438920656840007,0.6166666666666667
