HPs,kfold_accuracy,kfold_recall,kfold_f1,time,test_accuracy
25000,0.9277777777777778,0.9314692610974076,0.9279710637215384,3.2362732688585916,0.575
12000,0.9555555555555557,0.9581421686627637,0.953961503938818,1.7427937706311545,0.6
10200,0.9583333333333334,0.958802011616657,0.9571144369686143,1.6003314932187398,0.6166666666666667
8400,0.9194444444444445,0.9145029817627071,0.9146052661569847,1.4234623511632283,0.6583333333333333
6800,0.9305555555555556,0.9337764619057527,0.9303321454401695,1.184994367758433,0.6833333333333333
5100,0.9416666666666668,0.945054240509046,0.9409236519279561,1.0609094460805257,0.6666666666666666
3400,0.9222222222222222,0.9239733265194296,0.921451745462398,0.8515914519627888,0.575
