HPs,kfold_accuracy,kfold_recall,kfold_f1,time,test_accuracy
25000,0.9472222222222222,0.9493676054431204,0.9471309283745617,4.1260329206784565,0.65
12000,0.925,0.9238163774108215,0.9244705020908182,1.7549550533294678,0.575
10200,0.9305555555555556,0.9286410855861658,0.927450333277773,1.535204037030538,0.65
8400,0.9361111111111111,0.9328470199708757,0.932068743098915,1.2726417024930319,0.7166666666666667
6800,0.9444444444444444,0.9449959879936995,0.9442160487395082,1.14318687915802,0.6333333333333333
5100,0.9472222222222222,0.9502289196310937,0.9474223803730201,1.025561475753784,0.6166666666666667
3400,0.9083333333333334,0.909245280526745,0.9049456750742865,0.8181187987327576,0.6416666666666667
