HPs,kfold_accuracy,kfold_recall,kfold_f1,time,test_accuracy
0,0.9583333333333333,0.9617506463787929,0.9580877450026923,1.6549376050631206,0.625
1,0.9347222222222221,0.9347993829563336,0.9341103600937215,2.8197639266649883,0.6833333333333333
2,0.9472222222222222,0.9479869813801202,0.9469089930790991,4.149684615929922,0.6
3,0.9479166666666666,0.9496047621804454,0.947790936763927,5.402038979530334,0.6416666666666667
4,0.9555555555555555,0.9553581145474694,0.9554544208679709,6.539176785945893,0.625
5,0.9574074074074075,0.9579770828101257,0.9573257554673955,7.934575343132019,0.65
6,0.9591269841269842,0.959285666483277,0.9588542723167903,9.177795660495757,0.6083333333333333
7,0.9565972222222221,0.9563595255331098,0.956517454127836,10.372455350557964,0.5916666666666667
