HPs,kfold_accuracy,kfold_recall,kfold_f1,time,test_accuracy
0,0.9305555555555556,0.9312299564788123,0.9298889539520024,1.5590293486913045,0.55
1,0.9277777777777777,0.9272063954755513,0.9267953584060151,2.691826943556468,0.6833333333333333
2,0.924074074074074,0.9250830755465976,0.9233835613630241,3.8504050930341083,0.6
3,0.9618055555555556,0.9627551894140328,0.9619061148691603,5.301233609517415,0.625
4,0.945,0.9449017008916838,0.9448040516984756,6.553697295983633,0.6416666666666667
5,0.9680555555555556,0.9668448217968066,0.9674041398810207,7.736856238047282,0.6416666666666667
6,0.9626984126984126,0.9618433441474219,0.9620934746470541,9.078665431340536,0.6583333333333333
7,0.9680555555555556,0.96780797712834,0.9678260281204987,9.608188116550446,0.6083333333333333
