HPs,kfold_accuracy,kfold_recall,kfold_f1,time,test_accuracy
0,0.9305555555555556,0.9313213658322355,0.9279703060995967,1.6311116774876913,0.55
1,0.923611111111111,0.9252806077895939,0.9220976984930914,2.733573536078135,0.6416666666666667
2,0.9527777777777777,0.952111076586287,0.9515579510045725,4.174043234189352,0.575
3,0.93125,0.9317125046511243,0.9300065504415027,5.326231161753337,0.6083333333333333
4,0.9444444444444444,0.945359863779187,0.9443228008125905,6.530916221936544,0.6083333333333333
5,0.9671296296296296,0.9674540948390952,0.9670644125281994,7.839252575238546,0.675
6,0.9579365079365079,0.9582003232674603,0.9576736339045435,9.09185090859731,0.65
7,0.9753472222222221,0.9755842047396885,0.975240741222413,11.788616633415222,0.6083333333333333
