HPs,kfold_accuracy,kfold_recall,kfold_f1,time,test_accuracy
0,0.9305555555555557,0.9326484999554221,0.9285563064628934,1.6162521243095398,0.6666666666666666
1,0.9263888888888889,0.9213858905119634,0.9249786939147583,2.8283361713091533,0.6416666666666667
2,0.975,0.9749239456679163,0.975127184606389,3.921031928062439,0.6083333333333333
3,0.9305555555555556,0.9319564145079668,0.9310076189184938,5.268132066726684,0.6083333333333333
4,0.9505555555555555,0.9501094796907765,0.9507993375969956,6.2576375285784405,0.6666666666666666
5,0.9550925925925926,0.9531358599780733,0.9544389214613949,7.570779379208883,0.6333333333333333
6,0.9789682539682539,0.9788837821487315,0.9788877106888861,8.802122517426808,0.6
7,0.9559027777777777,0.9553705086734473,0.9554661971968541,10.116248420874278,0.6416666666666667
