HPs,kfold_accuracy,kfold_recall,kfold_f1,time,test_accuracy
0,0.9555555555555555,0.9603565484858392,0.9556591339886609,1.5907782157262167,0.6083333333333333
1,0.9486111111111111,0.9506166671176273,0.9485566916579297,2.6716384371121724,0.5916666666666667
2,0.9685185185185187,0.9689708988589825,0.9680051290267768,3.9867477218310037,0.6166666666666667
3,0.95,0.9504700004949036,0.950214866506721,5.14309993982315,0.6166666666666667
4,0.9488888888888889,0.9490506205792955,0.9486758452679462,6.359289542833964,0.6416666666666667
5,0.9699074074074074,0.9693396276125597,0.9699129447621775,7.441097986698151,0.6166666666666667
6,0.9757936507936508,0.9758851094175851,0.975758557888722,8.67865508000056,0.6083333333333333
7,0.970486111111111,0.9695753216970084,0.9700239075608863,9.599367340405783,0.6083333333333333
