HPs,kfold_accuracy,kfold_recall,kfold_f1,time,test_accuracy
0,0.7999999999999999,0.8121997305613876,0.7964288290960132,2.185459037621816,0.65
1,0.8333333333333333,0.8365464604120281,0.831719690265046,3.6542307257652284,0.6416666666666667
2,0.8453703703703704,0.8468001137199183,0.8444476789713022,5.327872729301452,0.65
3,0.8527777777777776,0.8504450646592657,0.8516703442379849,7.092158202330271,0.6333333333333333
4,0.9550000000000001,0.9545367706890098,0.9546698097400157,8.517987712224324,0.6083333333333333
5,0.9717592592592593,0.9716405601974138,0.9716353675911332,10.11720644235611,0.6
6,0.9591269841269842,0.958648549337088,0.9588421510031466,11.806065213680267,0.6333333333333333
7,0.970486111111111,0.9700843190126965,0.9700207393728743,13.11564735174179,0.6333333333333333
