HPs,kfold_accuracy,kfold_recall,kfold_f1,time,test_accuracy
0,0.9166666666666666,0.9213339301811843,0.9193070717619634,1.5818120241165161,0.6
1,0.9180555555555555,0.9198978178920985,0.9174471640861747,2.763675693670909,0.6666666666666666
2,0.9453703703703704,0.9450764713124506,0.945015019676051,3.9968202114105225,0.6416666666666667
3,0.951388888888889,0.9529868121303832,0.9510043564901786,5.170952649911245,0.5916666666666667
4,0.9716666666666667,0.9715920108158006,0.9714931478669969,6.464264619350433,0.6333333333333333
5,0.9717592592592593,0.9713584676871914,0.971387274592486,7.482006307442983,0.6083333333333333
6,0.9658730158730158,0.9664763866129176,0.965762688142858,8.869470123449961,0.6833333333333333
7,0.9656250000000002,0.964908732783913,0.9651840870342898,10.060372598965962,0.6583333333333333
