HPs,kfold_accuracy,kfold_recall,kfold_f1,time,test_accuracy
hamming,0.9527777777777778,0.956950280840441,0.9523692285787215,1.5942482193311056,0.6583333333333333
hanning,0.9277777777777778,0.9312057110827133,0.9281960320353365,1.6153491735458374,0.6333333333333333
blackman,0.961111111111111,0.9605792396009788,0.9598217616771046,1.6343270659446716,0.6166666666666667
rectangular,0.9,0.8978647414863594,0.8975748622287517,1.5861168384552002,0.65
triangular,0.9305555555555556,0.9342696288695077,0.929273760888974,1.5914628148078918,0.625
