HPs,kfold_accuracy,kfold_recall,kfold_f1,time,test_accuracy
hamming,0.9333333333333333,0.9352548279557299,0.9328359363456192,1.62306037346522,0.6583333333333333
hanning,0.9305555555555556,0.9272121105046971,0.9305080159630397,1.629149889945984,0.575
blackman,0.9583333333333334,0.9543201981402782,0.9561388156743444,1.6391331434249878,0.6166666666666667
rectangular,0.9277777777777777,0.9284909820664969,0.9265055108832012,1.6477971951166788,0.5833333333333334
triangular,0.9333333333333333,0.9366935433940583,0.9326206125192271,1.608757746219635,0.6083333333333333
