HPs,kfold_accuracy,kfold_recall,kfold_f1,time,test_accuracy
hamming,0.9527777777777778,0.9524343756294558,0.9516986422393865,1.5528315305709839,0.6833333333333333
hanning,0.9583333333333334,0.95876503470468,0.9562890896793211,237.9551227092743,0.575
blackman,0.9388888888888889,0.9400576354423608,0.9364891347301179,1.7169058203697205,0.6
rectangular,0.9361111111111111,0.9396672181111541,0.9353563326729979,1.5994979818662007,0.6666666666666666
triangular,0.9194444444444445,0.9163407798977021,0.913969489411943,1.6667816678682963,0.65
