HPs,kfold_accuracy,kfold_recall,kfold_f1,time,test_accuracy
hamming,0.9333333333333332,0.9342531621378874,0.9316356481893633,1.6667237639427186,0.6333333333333333
hanning,0.9333333333333333,0.934055628613695,0.9338055962446262,1.6261407613754273,0.5916666666666667
blackman,0.9638888888888889,0.9642313045459499,0.9623671959107126,1.6250811258951823,0.6833333333333333
rectangular,0.9111111111111111,0.916071831010332,0.9098257617347649,1.6379946986834208,0.6666666666666666
triangular,0.9277777777777778,0.9321154417664715,0.927429342408842,1.6302388946215312,0.7
