HPs,kfold_accuracy,kfold_recall,kfold_f1,time,test_accuracy
hamming,0.7722222222222221,0.7786079589765315,0.7699585796994314,2.2038469592730205,0.5833333333333334
hanning,0.925,0.9282083123798024,0.9238140176355044,2.3237574299176535,0.6083333333333333
blackman,0.9555555555555555,0.9553420235371035,0.9533977347205497,2.2852239926656086,0.6333333333333333
rectangular,0.8444444444444444,0.8457467731562496,0.8395721393652119,2.252394457658132,0.5416666666666666
triangular,0.8,0.7995454955784409,0.7912273373397106,2.1921958049138386,0.5833333333333334
