HPs,kfold_accuracy,kfold_recall,kfold_f1,time,test_accuracy
hamming,0.9333333333333333,0.9375174339203818,0.9328358821812429,1.6177878975868225,0.575
hanning,0.9277777777777778,0.9314395218943273,0.9269014841478516,1.6075432936350504,0.625
blackman,0.95,0.9481572652811211,0.9479766729487386,1.5962251663208007,0.6083333333333333
rectangular,0.9027777777777777,0.9013908409907199,0.8990576389354382,1.6450211803118389,0.6416666666666667
triangular,0.9222222222222222,0.9194313414465016,0.9211020694137002,1.6140695214271545,0.6833333333333333
