HPs,kfold_accuracy,kfold_recall,kfold_f1,time,test_accuracy
hamming,0.9472222222222222,0.9499696437239343,0.9467955142231427,1.519202705224355,0.6333333333333333
hanning,0.9361111111111111,0.9353591591792393,0.9351920352757699,1.5760658502578735,0.5833333333333334
blackman,0.925,0.9268740896261424,0.922605370074659,1.5699347654978435,0.55
rectangular,0.8972222222222221,0.8968522508511066,0.8922534378187986,1.5461650649706522,0.5916666666666667
triangular,0.9444444444444444,0.9440720976519031,0.9430172049842636,1.575173544883728,0.6083333333333333
