HPs,kfold_accuracy,kfold_recall,kfold_f1,time,test_accuracy
hamming,0.9722222222222221,0.9747760375906829,0.9729412710936174,1.5514460444450378,0.675
hanning,0.9472222222222222,0.9469546725839632,0.9462556857898357,1.5393731911977133,0.575
blackman,0.9527777777777777,0.9566350163947417,0.9516991795564722,1.5531595508257547,0.6416666666666667
rectangular,0.9472222222222223,0.9526049478108976,0.9465354348340561,1.5507360537846884,0.6416666666666667
triangular,0.9444444444444444,0.9453984268972826,0.9444844946606882,1.5551544348398845,0.4583333333333333
