HPs,kfold_accuracy,kfold_recall,kfold_f1,time,test_accuracy
128,0.9361111111111111,0.9345482778091474,0.9320545118718065,0.770617957909902,0.6333333333333333
256,0.9361111111111111,0.9368856429611577,0.9358809178718006,1.0533380826314291,0.6416666666666667
512,0.9222222222222222,0.9283183316492813,0.9217642250888659,1.619531019528707,0.575
1024,0.9472222222222222,0.9502168526553538,0.9458189213850978,2.6919531504313152,0.675
2048,0.9916666666666668,0.9923188405797102,0.9914502892677829,4.813577202955882,0.7
