HPs,kfold_accuracy,kfold_recall,kfold_f1,time,test_accuracy
128,0.9166666666666666,0.9132400583144291,0.912543440031602,0.7941135883331298,0.65
256,0.9222222222222222,0.9250422808503472,0.9229686629247495,1.0508346517880758,0.6083333333333333
512,0.913888888888889,0.9193745436597773,0.9132228519874566,1.6305331905682883,0.5583333333333333
1024,0.9722222222222221,0.9737784679089027,0.9721162532810347,2.7915640115737914,0.6916666666666667
2048,0.986111111111111,0.9867546583850931,0.9852454723167796,4.909933710098267,0.6666666666666666
