HPs,kfold_accuracy,kfold_recall,kfold_f1,time,test_accuracy
128,0.9361111111111111,0.9346975743872198,0.9334845274689416,0.7755175312360127,0.625
256,0.8972222222222221,0.9002285770420781,0.8975678477957898,1.0287039717038473,0.6333333333333333
512,0.9277777777777777,0.9325424438896979,0.9278797521283068,1.5972402612368266,0.6333333333333333
1024,0.95,0.9499907789896348,0.9501980041439566,2.5868525385856627,0.7083333333333334
2048,0.9805555555555555,0.9793814080656185,0.9787483684900804,4.813018830617269,0.7
