HPs,kfold_accuracy,kfold_recall,kfold_f1,time,test_accuracy
128,0.9111111111111111,0.9110963674007152,0.9052759105760956,0.7729549686113993,0.6583333333333333
256,0.9111111111111111,0.9101351967699223,0.9049806484170974,1.0631896416346232,0.6166666666666667
512,0.9555555555555555,0.9548717313705872,0.9541471682675106,1.6367432316144308,0.5666666666666667
1024,0.9416666666666667,0.9371496676473793,0.939516680443625,2.6915743827819822,0.675
2048,0.9888888888888889,0.9875879917184266,0.9878209646628486,4.915734374523163,0.6333333333333333
