HPs,kfold_accuracy,kfold_recall,kfold_f1,time,test_accuracy
128,0.9444444444444444,0.9452897259035368,0.9447420503957791,0.7949182113011678,0.6416666666666667
256,0.9333333333333332,0.9388964875181054,0.9331031309450871,1.0666542172431945,0.6166666666666667
512,0.9444444444444444,0.9419456538249446,0.9436734362731789,1.6440073092778524,0.6333333333333333
1024,0.9416666666666667,0.9384255599472991,0.9411444448171171,2.6191171407699585,0.6583333333333333
2048,0.9916666666666668,0.9931521739130436,0.9921022727272728,4.761097351710002,0.6666666666666666
