HPs,kfold_accuracy,kfold_recall,kfold_f1,time,test_accuracy
128,0.8083333333333332,0.8147070186510218,0.8031417891636192,1.426116649309794,0.5333333333333333
256,0.9166666666666666,0.9216452445342606,0.916321205669653,1.653603772322337,0.5583333333333333
512,0.95,0.9490383980372539,0.9482065183064234,2.2112057407697043,0.6833333333333333
1024,0.7777777777777778,0.7913247948787726,0.7765204646278262,3.2362107197443644,0.5583333333333333
2048,0.975,0.9755097724548527,0.9742395106196817,5.519408631324768,0.6416666666666667
