HPs,kfold_accuracy,kfold_recall,kfold_f1,time,test_accuracy
128,0.9277777777777778,0.9293442947007525,0.9259412560039488,0.7689035336176554,0.6833333333333333
256,0.925,0.9265349308713156,0.9257078816001817,1.0506351987520854,0.5916666666666667
512,0.9333333333333333,0.9355150887759583,0.9332349840883396,1.6361892143885295,0.6666666666666666
1024,0.9666666666666666,0.965534420289855,0.9657802159526299,2.665591915448507,0.6833333333333333
2048,0.9333333333333332,0.9363687293099059,0.9352264363293775,5.0147814353307085,0.6166666666666667
