HPs,kfold_accuracy,kfold_recall,kfold_f1,time,test_accuracy
128,0.9222222222222222,0.9203531308508424,0.9200120531750263,0.7860047539075216,0.625
256,0.9333333333333333,0.9364482104470664,0.9333374541166295,1.0096461296081543,0.6416666666666667
512,0.95,0.9508323241403904,0.9501198489860597,1.5649800578753152,0.6083333333333333
1024,0.9722222222222221,0.97324016563147,0.9723633022209872,2.5973204414049786,0.6833333333333333
2048,0.9777777777777779,0.9754200719189278,0.9765929142542046,4.70266056060791,0.6666666666666666
