HPs,kfold_accuracy,kfold_recall,kfold_f1,time,test_accuracy
2,0.725,0.7397012683271769,0.7229123278039441,2.108808914820353,0.5
