HPs,kfold_accuracy,kfold_recall,kfold_f1,time,test_accuracy
2,0.8444444444444444,0.8461070779813207,0.838914074448733,0.7646233320236206,0.5416666666666666
4,0.8805555555555555,0.8846554295041642,0.8792899669887844,0.9581324259440104,0.6083333333333333
8,0.961111111111111,0.9622074950221403,0.9601178340818063,1.3536791284879048,0.65
12,0.9527777777777777,0.9549274162893088,0.954514754481905,1.8335201104482015,0.55
16,0.9333333333333333,0.9361599073441178,0.9330953985193922,2.239702808856964,0.6416666666666667
20,0.9694444444444444,0.9708755419510569,0.9687660191686837,2.696403749783834,0.6
24,0.9722222222222221,0.9715350877192982,0.971397502773522,3.1287437717119855,0.625
28,0.9916666666666668,0.991159420289855,0.9913355227148329,3.5054360826810202,0.725
32,0.9722222222222221,0.9709523809523809,0.9703585757392148,3.9405577063560484,0.6916666666666667
