HPs,kfold_accuracy,kfold_recall,kfold_f1,time,test_accuracy
2,0.8055555555555556,0.8054244711892107,0.8030889594369409,0.794888456662496,0.55
4,0.9055555555555556,0.9140664738261993,0.9061012500359539,0.9749045093854268,0.6
8,0.9222222222222222,0.9263076166254589,0.9210558514551945,1.4175158222516377,0.6166666666666667
12,0.95,0.955246267843522,0.9506064805459253,1.919187351067861,0.675
16,0.9388888888888889,0.9423315947972698,0.9401670375671383,2.3054969191551207,0.6583333333333333
20,0.9694444444444444,0.9660588972431079,0.9676388576171954,2.7631378451983135,0.6416666666666667
24,0.9833333333333332,0.9833333333333334,0.9825356862442239,3.220715359846751,0.6833333333333333
28,0.9472222222222222,0.9497710184552289,0.9457885779573545,3.602314118544261,0.6583333333333333
32,0.9472222222222222,0.9466343167701863,0.9460995919479517,4.021948007742564,0.6833333333333333
