HPs,kfold_accuracy,kfold_recall,kfold_f1,time,test_accuracy
2,0.8166666666666667,0.8103629968560476,0.8096953593382592,0.7725339611371358,0.5416666666666666
4,0.8777777777777777,0.8864713432179613,0.8785838297262728,0.9954391320546468,0.5833333333333334
8,0.9361111111111111,0.9374385651216315,0.9339289674898417,1.4620122591654459,0.65
12,0.9444444444444444,0.9415333066691762,0.9438018689271953,1.9392188588778179,0.6333333333333333
16,0.9388888888888889,0.9412781707232508,0.9382314321185208,2.259294621149699,0.7
20,0.975,0.9764729759180562,0.9754590434971254,2.7935552914937336,0.6666666666666666
24,0.9777777777777779,0.9783751044277361,0.9767681161569172,3.2271806518236796,0.6416666666666667
28,0.986111111111111,0.9864285714285714,0.9856464098641821,3.7306781967480975,0.725
32,0.9694444444444444,0.9648373651520105,0.9655230345705572,4.019083182017009,0.6583333333333333
