HPs,kfold_accuracy,kfold_recall,kfold_f1,time,test_accuracy
2,0.825,0.8270293702218424,0.8227809276348603,0.7987996498743694,0.5583333333333333
4,0.8805555555555555,0.8835893591366233,0.8806813464832131,1.0320732235908507,0.6
8,0.9055555555555556,0.9118717227026722,0.9054153087318116,1.5127470095952351,0.6666666666666666
12,0.9666666666666668,0.9656301140697593,0.9660549705722083,1.9299813787142435,0.625
16,0.9638888888888889,0.9645742072572736,0.9627372760207142,2.3847329656283063,0.675
20,0.9638888888888889,0.9655113636363637,0.9633599257969496,2.840052839120229,0.6666666666666666
24,0.9805555555555557,0.9798529300077288,0.9806067328048401,3.286243228117625,0.675
28,0.95,0.9498592000422665,0.9463726794741139,3.7376447916030884,0.7
32,0.9722222222222221,0.974028500104015,0.9711572571716918,4.093614733219146,0.6583333333333333
