HPs,kfold_accuracy,kfold_recall,kfold_f1,time,test_accuracy
2,0.7083333333333333,0.7037330633314279,0.6996669361163027,1.4102303822835287,0.5583333333333333
4,0.7555555555555555,0.7475932871588411,0.7473088098467751,1.5713361223538718,0.5166666666666667
8,0.9138888888888888,0.9166055846962597,0.9131884297005264,2.065852399667104,0.6583333333333333
12,0.9388888888888889,0.9435274077039455,0.9385832903838848,2.456442952156067,0.6166666666666667
16,0.7944444444444445,0.7991208830803662,0.7938672578018842,2.94776717821757,0.5666666666666667
20,0.9888888888888889,0.9882142857142858,0.9887106424152329,3.5271196206410727,0.6666666666666666
24,0.8138888888888889,0.8196264025511736,0.8100191340695435,3.8231592575709024,0.5083333333333333
28,0.25,0.25,0.09950534955822596,4.459290651480357,0.25
32,0.9888888888888889,0.9894927536231883,0.9880852669307678,5.12193101644516,0.6833333333333333
