HPs,kfold_accuracy,kfold_recall,kfold_f1,time,test_accuracy
2,0.8277777777777778,0.8234907558994751,0.8244427724517032,0.821964414914449,0.5333333333333333
4,0.9027777777777777,0.9000179317791883,0.8987626598394562,1.0230230530103048,0.5583333333333333
8,0.9333333333333332,0.9352748698987255,0.9320882152586789,1.4199705640474956,0.6
12,0.95,0.9548454201214499,0.9493826475440711,1.9199392875035604,0.6166666666666667
16,0.9527777777777778,0.9531178591677986,0.9502331095255506,2.34645969470342,0.5916666666666667
20,0.9805555555555555,0.9816666666666667,0.9801126408010014,2.7534209450085956,0.675
24,0.9666666666666668,0.966019268119147,0.9658678530864414,3.239063191413879,0.675
28,0.986111111111111,0.986762360446571,0.9860803487029791,3.9759171565373737,0.6916666666666667
32,0.9638888888888889,0.9634174203625004,0.9630768632491934,4.661817010243734,0.6833333333333333
