HPs,kfold_accuracy,kfold_recall,kfold_f1,time,test_accuracy
2,0.8166666666666667,0.8172314615638921,0.8126581582478216,0.781345796585083,0.5583333333333333
4,0.8972222222222221,0.8978387008364125,0.8947534609254542,0.9655432224273681,0.625
8,0.9361111111111111,0.9362635157557927,0.9330142904021065,1.4042083819707234,0.675
12,0.925,0.9240483186721745,0.9247027079317791,1.8327460169792176,0.6416666666666667
16,0.961111111111111,0.962111801242236,0.9623412708937049,2.289124329884847,0.7083333333333334
20,0.9777777777777779,0.9761481829573935,0.976767210976012,2.763789145151774,0.6916666666666667
24,0.9722222222222221,0.9717339152393499,0.9721366210136253,3.2099910100301106,0.6833333333333333
28,0.9944444444444445,0.9944927536231883,0.994783798576902,3.6581152121225995,0.6833333333333333
32,0.975,0.976800771692076,0.9745617698365591,4.1023121555646265,0.575
