HPs,kfold_accuracy,kfold_recall,kfold_f1,time,test_accuracy
2,0.7861111111111111,0.7921415064534931,0.7863062410825389,0.7165810267130533,0.48333333333333334
4,0.861111111111111,0.8665298044188205,0.8604860342734648,0.9241430004437764,0.575
8,0.925,0.9293759552916235,0.923707321165678,1.3354082067807516,0.65
12,0.9333333333333332,0.935215156584789,0.9310583265448908,1.8012519876162212,0.65
16,0.95,0.952408433798594,0.9487310660860601,2.214492686589559,0.6333333333333333
20,0.9694444444444444,0.9706098806799608,0.9697674500537403,2.651577854156494,0.6666666666666666
24,0.975,0.9723809523809525,0.973379429850018,3.2041680375734964,0.6333333333333333
28,0.9805555555555557,0.9823484848484849,0.9803694368078567,3.465344266096751,0.625
32,0.9666666666666666,0.9640632373190592,0.9637397267926222,3.8554378549257913,0.675
