HPs,kfold_accuracy,kfold_recall,kfold_f1,time,test_accuracy
0,0.6738832997987927,0.6426002506265664,0.6437734595998966,2.154525629679362,0.5416666666666666
