HPs,kfold_accuracy,kfold_recall,kfold_f1,time,test_accuracy
False,0.9416666666666668,0.941102272775811,0.9388075288438399,3.08377681573232,0.625
True,0.94375,0.9420689949106367,0.9413942973956209,3.700812542438507,0.65
