HPs,kfold_accuracy,kfold_recall,kfold_f1,time,test_accuracy
False,0.774932397630698,0.7749170071501533,0.7745822752282274,25.195987117290496,0.65625
True,0.7733942099567099,0.7734428694158076,0.7730624596638502,26.75262045065562,0.675
