HPs,kfold_accuracy,kfold_recall,kfold_f1,time,test_accuracy
False,0.94375,0.9475048135134342,0.9442428520719277,1.9144043644269308,0.6666666666666666
True,0.94375,0.9448111601042635,0.9437755060643808,1.9184465924898784,0.6416666666666667
