HPs,kfold_accuracy,kfold_recall,kfold_f1,time,test_accuracy
False,0.9395833333333334,0.9387935018366053,0.9380919594315517,2.0004842480023703,0.6583333333333333
True,0.94375,0.946554090226504,0.9422908452044553,1.9221741835276285,0.5916666666666667
