HPs,kfold_accuracy,kfold_recall,kfold_f1,time,test_accuracy
False,0.91875,0.9163444100599273,0.9152701323608543,1.9288159648577372,0.6666666666666666
True,0.9333333333333333,0.9355698809491914,0.9325933909362499,1.988156016667684,0.6166666666666667
