HPs,kfold_accuracy,kfold_recall,kfold_f1,time,test_accuracy
False,0.9104166666666667,0.9080356727577492,0.9068771422042079,3.5529043753941854,0.6416666666666667
True,0.7,0.7027430819715106,0.693032672710985,2.8257480462392173,0.5333333333333333
