HPs,kfold_accuracy,kfold_recall,kfold_f1,time,test_accuracy
False,0.7624613700746845,0.762423391215526,0.7622746879827441,29.0287984251976,0.66875
True,0.7702773268398269,0.7702588058419244,0.7695988459620213,31.589078072706858,0.6625
