HPs,kfold_accuracy,kfold_recall,kfold_f1,time,test_accuracy
False,0.7670036054596961,0.7670326864147089,0.765566257596179,27.185962080955505,0.6625
True,0.765573593073593,0.7656035223367699,0.7642741358233768,30.22676723798116,0.66875
