HPs,kfold_accuracy,kfold_recall,kfold_f1,time,test_accuracy
False,0.9020833333333333,0.9045931754402519,0.8975846372792494,2.030630632241567,0.5666666666666667
True,0.9375,0.9390827460062843,0.936697323601491,2.034579706192017,0.625
