HPs,kfold_accuracy,kfold_recall,kfold_f1,time,test_accuracy
False,0.8708333333333333,0.8717259657023526,0.8658071892664644,2.6055687427520753,0.6916666666666667
True,0.7104166666666667,0.709919542172876,0.7050027173827894,2.8160355846087137,0.5083333333333333
