HPs,kfold_accuracy,kfold_recall,kfold_f1,time,test_accuracy
False,0.89375,0.8952499080203256,0.8909897610621872,2.8784696102142333,0.7
True,0.9145833333333332,0.9176013035225733,0.9114214717930617,2.860393452644348,0.6333333333333333
