HPs,kfold_accuracy,kfold_recall,kfold_f1,time,test_accuracy
False,0.95,0.9503172021631542,0.947053338016716,1.9269288341204325,0.6833333333333333
True,0.9229166666666668,0.9218930475654613,0.9212503686920129,1.9295549909273784,0.6166666666666667
