epochs,kfold_acc,test_accuracy
1,0.9886363636363636,0.675
2,0.9446969696969697,0.575
3,0.9901515151515152,0.6666666666666666
4,0.9924242424242424,0.6833333333333333
5,0.9856060606060606,0.6833333333333333
6,0.990909090909091,0.675
7,0.9871212121212121,0.6916666666666667
8,0.9939393939393939,0.7
9,0.9893939393939395,0.675
10,0.9606060606060606,0.6166666666666667
