HPs,kfold_accuracy,kfold_recall,kfold_f1,time,test_accuracy
2,0.8333333333333334,0.8376464421147419,0.830803410340949,1.1333900809288024,0.5416666666666666
4,0.8694444444444445,0.8736802578843064,0.8683144133605634,1.2438950816790262,0.6
8,0.9472222222222223,0.9489552686062984,0.945623782288326,1.505724020799001,0.6083333333333333
10,0.9166666666666666,0.9167949456150257,0.9150671409842339,1.6362736622492473,0.6416666666666667
16,0.9388888888888889,0.936515991477376,0.9368773655042955,1.9642685294151305,0.6666666666666666
22,0.9888888888888889,0.9906521739130435,0.9891859497882638,2.392446835835775,0.725
30,0.9833333333333334,0.9828260869565216,0.9835960958129798,2.860010107358297,0.7416666666666667
