HPs,kfold_accuracy,kfold_recall,kfold_f1,time,test_accuracy
2,0.8,0.8028770893802358,0.7946894520075509,1.147411549091339,0.6
4,0.888888888888889,0.8850450814123583,0.8843600604970984,1.3129376729329427,0.6083333333333333
8,0.9083333333333332,0.91015611946533,0.9073407517284606,1.5280871073404947,0.5583333333333333
10,0.9361111111111111,0.9326836324468072,0.9326109019318618,1.6865782539049785,0.5916666666666667
16,0.9638888888888889,0.9644687631657615,0.9616846883601449,2.053428888320923,0.6
22,0.9833333333333334,0.982456412771058,0.9825699737004084,2.3940168460210165,0.7083333333333334
30,0.986111111111111,0.9858333333333335,0.9867239902954189,2.908588751157125,0.7166666666666667
