HPs,kfold_accuracy,kfold_recall,kfold_f1,time,test_accuracy
2,0.8472222222222223,0.8502662647473525,0.8435460081029438,1.105745510260264,0.6083333333333333
4,0.9194444444444445,0.921345004474295,0.9181580648311144,1.2274470647176108,0.575
8,0.9222222222222223,0.9277247796698598,0.9231480965564172,1.465665344397227,0.6166666666666667
10,0.9472222222222223,0.948261236676905,0.9482808220044756,1.5797881444295248,0.5166666666666667
16,0.9416666666666668,0.9490884944574877,0.943459714389947,1.923333211739858,0.7
22,0.975,0.9791576086956522,0.9757275769321673,2.331797214349111,0.7083333333333334
30,0.9833333333333332,0.9823684210526317,0.9817938419486406,2.7934840162595114,0.7583333333333333
