HPs,kfold_accuracy,kfold_recall,kfold_f1,time,test_accuracy
2,0.7333333333333334,0.741528106770064,0.7274478671468307,1.6280329744021098,0.5916666666666667
4,0.861111111111111,0.8676532446069061,0.8606019431785082,1.7870476444562275,0.625
8,0.8027777777777778,0.8058493024489458,0.7980234962409837,2.025048299630483,0.7
10,0.7277777777777777,0.7222709576341458,0.7194660155769709,2.125093658765157,0.5333333333333333
16,0.5916666666666666,0.6044042576117888,0.5725651945890532,2.628750224908193,0.48333333333333334
22,0.8944444444444445,0.9011806442984932,0.8941892346671688,2.9635905623435974,0.575
30,0.9888888888888889,0.9894927536231884,0.9890977991153307,3.4597876111666364,0.7083333333333334
