HPs,kfold_accuracy,kfold_recall,kfold_f1,time,test_accuracy
2,0.8416666666666666,0.8438696626282438,0.8375503000141398,1.1334344387054442,0.6583333333333333
4,0.8861111111111111,0.8931051917507868,0.886313603887265,1.2384952386220296,0.6166666666666667
8,0.9194444444444445,0.9270326095211677,0.9209232232582224,1.5052826563517252,0.625
10,0.9361111111111111,0.9348291141225923,0.9336823897193736,1.637704575061798,0.6416666666666667
16,0.975,0.9762442915589368,0.9757748867348306,1.9824260393778483,0.6666666666666666
22,0.9888888888888889,0.9899283596837944,0.9889232389800424,2.3171814322471618,0.7083333333333334
30,0.961111111111111,0.9622619047619047,0.9594229620439299,2.8021901766459147,0.7583333333333333
