HPs,kfold_accuracy,kfold_recall,kfold_f1,time,test_accuracy
2,0.8638888888888889,0.8681778061755179,0.8657853526961915,1.068269944190979,0.5833333333333334
4,0.8944444444444445,0.8992759954165427,0.8952638200040353,1.171396517753601,0.625
8,0.9083333333333334,0.9069540036734477,0.9044160908543282,1.4284374833106994,0.625
10,0.9305555555555556,0.9305169874620676,0.9287748330261743,1.5754499872525534,0.5916666666666667
16,0.9638888888888889,0.9607599841996295,0.9616142217322363,1.9169443249702454,0.625
22,0.9833333333333332,0.9828260869565216,0.9834312561760982,2.267822476228078,0.725
30,0.986111111111111,0.985534420289855,0.9857693301264396,2.6843316634496053,0.7083333333333334
