HPs,mean_accuracy,mean_recall,mean_f1,time
10,0.9125,0.9143236492185143,0.9116405752361592,1.0099726438522338
20,0.975,0.9769400527009223,0.9754961039066178,1.2759210268656414
