HPs,kfold_accuracy,kfold_recall,kfold_f1,time,test_accuracy
2,0.8055555555555557,0.8079658545340334,0.798302108568662,1.1399781505266826,0.5666666666666667
4,0.888888888888889,0.8859939082768535,0.8842723395633024,1.2536739071210226,0.625
8,0.9166666666666666,0.9182350618806568,0.9150065112271454,1.5084697127342224,0.5833333333333334
10,0.9416666666666668,0.9431839521399017,0.9398378494417354,1.6229694128036498,0.5833333333333334
16,0.9777777777777779,0.9794568684557244,0.976911899745437,2.030924642086029,0.65
22,0.9777777777777779,0.980144927536232,0.9773432844067367,2.3643209457397463,0.7083333333333334
30,0.9888888888888889,0.988659420289855,0.9889951365780524,2.8716341694196066,0.6666666666666666
