HPs,kfold_accuracy,kfold_recall,kfold_f1,time,test_accuracy
2,0.8444444444444444,0.8485208593006581,0.8433476556444397,1.1096890608469645,0.575
4,0.8805555555555555,0.883130458722564,0.8816907749368672,1.2333709160486857,0.5833333333333334
8,0.9083333333333332,0.9115006368853622,0.9087226501741285,1.4694853623708088,0.5916666666666667
10,0.95,0.9452846006650354,0.9481702090897925,1.6067001581192017,0.625
16,0.9777777777777779,0.9761158330609131,0.9762489306844145,1.9830220381418864,0.6166666666666667
22,0.9916666666666668,0.9905952380952382,0.9917016438445139,2.2953884840011596,0.6583333333333333
30,0.975,0.9776637492941841,0.9754741439520762,2.7993689020474752,0.725
